<?xml version="1.0" encoding="UTF-8"?>
<beans xmlns="http://www.springframework.org/schema/beans"
	xmlns:xsi="http://www.w3.org/2001/XMLSchema-instance"
	xmlns:aop="http://www.springframework.org/schema/aop"
	xmlns:context="http://www.springframework.org/schema/context"
	xmlns:mybatis-spring="http://mybatis.org/schema/mybatis-spring"
	xmlns:tx="http://www.springframework.org/schema/tx"
	xmlns:jdbc="http://www.springframework.org/schema/jdbc"
	xsi:schemaLocation="http://www.springframework.org/schema/jdbc http://www.springframework.org/schema/jdbc/spring-jdbc-4.1.xsd
		http://mybatis.org/schema/mybatis-spring http://mybatis.org/schema/mybatis-spring-1.2.xsd
		http://www.springframework.org/schema/beans http://www.springframework.org/schema/beans/spring-beans.xsd
		http://www.springframework.org/schema/context http://www.springframework.org/schema/context/spring-context-4.1.xsd
		http://www.springframework.org/schema/aop http://www.springframework.org/schema/aop/spring-aop-4.1.xsd
		http://www.springframework.org/schema/tx http://www.springframework.org/schema/tx/spring-tx-4.1.xsd">



	<!-- Root Context: defines shared resources visible to all other web components -->


	<!-- lab begin -->
	<!-- <bean id="dataSource" class="org.springframework.jdbc.datasource.DriverManagerDataSource"> 
		<property name="driverClassName" value="net.sf.log4jdbc.sql.jdbcapi.DriverSpy"></property> 
		<property name="url" value="jdbc:log4jdbc:mysql://127.0.0.1:3306/book_ex"></property> 
		<property name="username" value="zerock"></property> <property name="password" 
		value="zerock"></property> </bean> <bean id="sqlSessionFactory" class="org.mybatis.spring.SqlSessionFactoryBean"> 
		<property name="dataSource" ref="dataSource" /> </bean> -->




	<!-- <bean id="dataSource" class="org.springframework.jdbc.datasource.DriverManagerDataSource"> 
		<property name="driverClassName" value="net.sf.log4jdbc.sql.jdbcapi.DriverSpy"></property> 
		<property name="url" value="jdbc:log4jdbc:mysql://127.0.0.1:3306/book_ex"></property> 
		<property name="username" value="zerock"></property> <property name="password" 
		value="zerock"></property> </bean> -->


	<!-- HikariCP configuration -->
	<bean id="hikariConfig" class="com.zaxxer.hikari.HikariConfig">
		<!-- <property name="driverClassName" value="oracle.jdbc.driver.OracleDriver"></property> 
			<property name="jdbcUrl" value="jdbc:oracle:thin:@localhost:1521:XE"></property> -->
		<property name="driverClassName"
			value="net.sf.log4jdbc.sql.jdbcapi.DriverSpy"></property>
		<property name="jdbcUrl"
			value="jdbc:log4jdbc:oracle:thin:@localhost:1521:xe"></property>
		<property name="username" value="book_ex"></property>
		<property name="password" value="book_ex"></property>
	</bean>
	<bean id="dataSource" class="com.zaxxer.hikari.HikariDataSource"
		destroy-method="close">
		<constructor-arg ref="hikariConfig" />
	</bean>


	<!-- <bean id="sqlSessionFactory" class="org.mybatis.spring.SqlSessionFactoryBean"> 
		<property name="dataSource" ref="dataSource" /> <property name="configLocation" 
		value="classpath:/mybatis-config.xml"></property> <property name="mapperLocations" 
		value="classpath:mappers/**/*Mapper.xml"></property> </bean> -->

	<bean id="sqlSessionFactory"
		class="org.mybatis.spring.SqlSessionFactoryBean">
		<property name="dataSource" ref="dataSource" />
		<!-- <property name="configLocation" value="classpath:/mybatis-config.xml"></property> -->
		<!-- <property name="mapperLocations" value="classpath:mappers/**/*Mapper.xml"></property> -->
	</bean>
	
	<mybatis-spring:scan base-package="org.zerock.mapper" />

	<bean id="sqlSession"
		class="org.mybatis.spring.SqlSessionTemplate"
		destroy-method="clearCache">
		<constructor-arg name="sqlSessionFactory"
			ref="sqlSessionFactory"></constructor-arg>
	</bean>

	<context:component-scan
		base-package="org.zerock.persistence"></context:component-scan>
	<context:component-scan
		base-package="org.zerock.service"></context:component-scan>
	<context:component-scan
		base-package="org.zerock.aop"></context:component-scan>
	<aop:aspectj-autoproxy></aop:aspectj-autoproxy>
	<aop:config>
	</aop:config>

	<bean id="transactionManager"
		class="org.springframework.jdbc.datasource.DataSourceTransactionManager">
		<property name="dataSource" ref="dataSource"></property>
	</bean>

	<tx:annotation-driven />

	<!-- lab end -->




</beans>
